{"1853+Enfield+rifle-musket":[0.1672293281,0.2846677266,0.165063197,0.1622277744,0.2037983747],"AEK-919K+Kashtan+submachine+gun":[0.2720482924,0.2501312756,0.2636271015,0.4753397549,0.276537831],"AK+47":[0.3560224197,0.3926177861,0.3215931482,0.4350617136,0.4030382575],"AK-12+rifle":[0.4435392629,0.4667585929,0.5206867812,0.5123356878,0.4853549394],"AN-94+rifle":[0.3889617188,0.3609652993,0.395912342,0.4099790002,0.4362711754],"AS+Val+rifle":[0.3302473091,0.4507731655,0.3365699503,0.3904222642,0.3598393921],"Accuracy+International+AS50+sniper+rifle":[0.4081669138,0.4146858626,0.4711826768,0.6094377737,0.5036405388],"Accuracy+International+Arctic+Warfare+Magnum":[0.194893405,0.2754754443,0.2311687997,0.20749534,0.2559303549],"Astra+600":[0.148437755,0.2423815614,0.1304960291,0.1487831225,0.1511663405],"Atchisson+AA-12+shotgun":[0.4423513577,0.6243486304,0.5011532827,0.4693893109,0.5202377859],"Barrett+M107":[0.4220707486,0.4394831049,0.4477408374,0.4672128054,0.4946317213],"Benelli+M4+Super+90":[0.2729504308,0.3386822689,0.3137945067,0.2919998895,0.4193508659],"Berdan+Sharps+Rifle":[0.2255341035,0.2760278337,0.2753687306,0.2527139272,0.2445149526],"Beretta+ARX100+rifle":[0.3033268474,0.3440684601,0.3216012109,0.3666189765,0.3475337593],"Beretta+M9A1+pistol":[0.2386556615,0.3717923246,0.2625662464,0.2808853636,0.2922843462],"Bren+light+machine+gun":[0.2747330835,0.3460803265,0.2557093704,0.344434217,0.3152508072],"Brown+Bess+musket":[0.214621227,0.3528710481,0.2253362998,0.2217066577,0.2964465975],"Browning+BT-99+Shotgun":[0.1891807658,0.2724528452,0.1915184062,0.2346808996,0.222675089],"Browning+Hi-Power+Mark+III+pistol":[0.3114569139,0.3668418961,0.3376843024,0.3693544864,0.3599884633],"COLT+WOODSMAN+pistol":[0.1475146106,0.191667428,0.1412876615,0.1405412901,0.168098599],"CZ+75+Tactical+Sports+pistol":[0.2794224849,0.4047689239,0.3198482799,0.2979779221,0.3690216175],"Cabot+Guns+1911+pistol":[0.3575969115,0.4314700498,0.31057184,0.3163587585,0.3400968285],"Chamelot-Delvigne+Model+1873":[0.1837559273,0.3615335262,0.2027709208,0.219029867,0.2169502544],"Chauchat+light+machine+gun":[0.2261184739,0.2724192232,0.2011480049,0.2678448297,0.2576057293],"CheyTac+Intervention+rifle":[0.4534392302,0.4948730683,0.4517046815,0.4544323641,0.4744974442],"Chiappa+Rhino+40DS+revolver":[0.1706879815,0.2472082557,0.1587440381,0.1978072053,0.1905541594],"Colt+1851+Navy+revolver":[0.2964011264,0.4143764596,0.3017079907,0.3098910443,0.401140082],"Colt+1873+Single+Action+Army":[0.2955866522,0.445269882,0.2735123164,0.2892768511,0.3295537072],"Colt+Commando+rifle":[0.3368703006,0.3907994046,0.3472230793,0.4214619282,0.4003444321],"Colt+Dragon+1848+Pocket+Pistol":[0.2460957189,0.4641982008,0.2529158623,0.2640780875,0.2858680782],"Colt+Model+1903+Pocket+Hammerless+pistol":[0.2798101358,0.3663337741,0.2867070466,0.2855368061,0.2742391637],"Crosman+C-TT+pistol":[0.2776161344,0.4257051764,0.3002565003,0.360800532,0.3285860153],"Degtyaryov+DPM+machine+gun":[0.2022480441,0.2039451046,0.1655513144,0.2094018077,0.2018500273],"FAMAS+G2+rifle":[0.4283693806,0.4651020376,0.4101610132,0.5229076162,0.473778214],"FN+FAL+rifle":[0.3597544274,0.4457124379,0.4080123326,0.3929577429,0.4331363462],"FN+Five-seven+USG+pistol":[0.2426211285,0.4218048657,0.2469797239,0.2602612411,0.2896905874],"FN+Model+1910+pistol":[0.2923746521,0.3842967242,0.3110788778,0.3441538825,0.4049234658],"FN+SCAR+16S+rifle":[0.3790641379,0.3975115747,0.3354291665,0.3646460212,0.3865759756],"FN+Tactical+Police+shotgun":[0.2746542712,0.3338502331,0.2515621809,0.3500638184,0.3080666415],"FN+ps90+standard":[0.262798216,0.367102891,0.2748687161,0.2521612751,0.3764738256],"FX+Gladiator+MKII":[0.3866454027,0.4053326814,0.4302637736,0.4698328309,0.3823191382],"Franchi+SAS-12+shotgun":[0.3415078797,0.3923177973,0.384252167,0.3857552188,0.3903452117],"Freedom+Arms+model+83+revolver":[0.27005141,0.3779838585,0.2847626526,0.2509667051,0.3337843846],"GSh-18+pistol":[0.2671444617,0.3145491881,0.2802820626,0.3536028588,0.3532366051],"Galil+assault+rifle":[0.3486440541,0.400169221,0.3498705431,0.4969004493,0.3853494426],"Glock+17+pistol":[0.3670695128,0.5019569563,0.3407212595,0.3670780354,0.3411089164],"Heckler+Koch+G36+rifle":[0.3489385894,0.397205602,0.4131316099,0.4191523235,0.4524720828],"Heckler+Koch+G3A3+rifle":[0.3119994582,0.4149944614,0.2916832769,0.366937789,0.3394511872],"Heckler+Koch+HK33+rifle":[0.2645899829,0.3257537898,0.2444799744,0.3071492061,0.3464947755],"Heckler+Koch+HK45+Compact+Tactical+pistol":[0.3299274951,0.3923007277,0.2686128267,0.2786307239,0.3255230232],"Heckler+Koch+MG4+machine+gun":[0.4327342496,0.4647249194,0.4988383815,0.5465142133,0.5351002075],"Heckler+Koch+MP5K-PDW+submachine+gun":[0.4154424288,0.4372612136,0.3845789064,0.4528733386,0.4125452318],"Heckler+Koch+MP7A1+rifle":[0.3179015076,0.4771291433,0.3807076729,0.4381633295,0.4575306051],"Heckler+Koch+Mark+23+pistol":[0.2647533758,0.4115650991,0.2920444999,0.3156157061,0.2837409492],"Heckler+Koch+PSG1+rifle":[0.3002992341,0.4029576716,0.3209760323,0.3922681545,0.3719617937],"Heckler+Koch+USP+compact":[0.2344205683,0.3598783373,0.2454125368,0.2390099731,0.246883083],"Ithaca+37+stakeout+shotgun":[0.3081871094,0.3146781535,0.2566127705,0.3806850456,0.3105327948],"KS-23M+shotgun":[0.3817374174,0.3902454793,0.3991134038,0.4026465117,0.4574530125],"Karabiner+98+kurz+rifle":[0.2703031002,0.2880654509,0.2628985643,0.2524192119,0.268246642],"L42A1+sniper+rifle":[0.2288872239,0.3477596967,0.27187145,0.3187039167,0.3009829155],"Lanchester+submachine+gun":[0.2403962987,0.2793464022,0.2164781922,0.2662366866,0.3618344733],"Lee-Enfield+No.4+Mk+I":[0.1864947304,0.2175892406,0.1971864456,0.1870524936,0.2332631167],"Lewis+Gun":[0.1852130862,0.2059288378,0.2205426749,0.2114299549,0.2374175478],"Luger+P08+pistol":[0.2012201057,0.2713349268,0.2160429889,0.241760393,0.2290694259],"M1+Carbine":[0.2729827354,0.307215403,0.2781136494,0.2683429822,0.3533627633],"M110+Semi-Automatic+Sniper+System":[0.3526747375,0.4227892898,0.4073909315,0.4238106409,0.410925546],"M14+SMUD+rifle":[0.2789385844,0.3750802884,0.2992979242,0.3599987245,0.321566335],"M16A4+rifle":[0.3823502057,0.4821804933,0.4404437539,0.4859542356,0.467658782],"M1911A1+pistol":[0.2950445981,0.35270801,0.2937991448,0.2780325253,0.2938902133],"M1928A1+Thompson+submachine+gun":[0.3239137137,0.4156083899,0.3050291527,0.3505941576,0.3959933301],"M1941+Johnson+rifle":[0.2108425085,0.2533612899,0.2168622075,0.2114886008,0.2522122128],"M24+Sniper+Weapon+System":[0.3132398181,0.3788125091,0.2937597047,0.3818899699,0.3952192736],"M249S+semiautomatic+rifle":[0.2810591485,0.3267182643,0.2989003384,0.368808525,0.4220968507],"M27+Infantry+Automatic+Rifle":[0.4490937865,0.5030962326,0.4966411374,0.458167001,0.558368864],"M39+Enhanced+Marksman+Rifle":[0.4674447175,0.5233075655,0.4645474491,0.5046503424,0.5597904932],"M3A1+Grease+Gun":[0.2819622238,0.3604275253,0.286070004,0.2984833629,0.2932349637],"M40A5+Sniper+Rifle":[0.3082606694,0.3807847701,0.3098410205,0.4152791315,0.4079073312],"M60E3+machine+gun":[0.3795805982,0.4676924195,0.3753208236,0.4417750225,0.3917855754],"M8+Flare+Pistol":[0.135763001,0.1926355742,0.1497568772,0.1601086966,0.1690471598],"MAB+Model+D+pistol":[0.1903069885,0.2747974024,0.1960541825,0.1907015565,0.242743542],"MAC+Mle+1950":[0.233229738,0.3948055975,0.2465529024,0.3067056194,0.2726493622],"MAC-10":[0.3468832747,0.3792330772,0.3566180351,0.369764807,0.4246565443],"MAS-36+CR39":[0.2115922724,0.3234554369,0.243476952,0.2245712887,0.2609991442],"MAS-38":[0.1436708045,0.2269016576,0.1501544894,0.1592737615,0.2144919383],"MAT-49+submachine+gun":[0.2086076581,0.2375420383,0.2070081885,0.3025912193,0.2817403259],"MATEBA+AutoRevolver+6-Home+Protection":[0.369617925,0.4246679646,0.3767761724,0.4250986152,0.381005885],"MEU(SOC)+pistol":[0.2884399231,0.3914758243,0.3377476831,0.3574947345,0.3179708129],"MG+42+machine+gun":[0.3439196441,0.397809173,0.3254133974,0.3751121398,0.4730397588],